<?xml version="1.0" ?>
<methods>
	<method function="Booleanv">
		<enums>
			<!--enum value="0x806F" name="GL_TEXTURE_3D"/>
			<enum value="0x0C23" name="GL_COLOR_WRITEMASK" length="4" /-->
		</enums>
	</method>
	<method function="Integerv">
		<enums>
			<enum value="0x92D7" name="GL_MAX_COMBINED_ATOMIC_COUNTERS" />
			<enum value="0x92D6" name="GL_MAX_FRAGMENT_ATOMIC_COUNTERS" />
			<enum value="0x92D5" name="GL_MAX_GEOMETRY_ATOMIC_COUNTERS" />
			<enum value="0x92D4" name="GL_MAX_TESS_EVALUATION_ATOMIC_COUNTERS" />
			<enum value="0x92D3" name="GL_MAX_TESS_CONTROL_ATOMIC_COUNTERS" />
			<enum value="0x92D2" name="GL_MAX_VERTEX_ATOMIC_COUNTERS" />
			<enum value="0x8CDF" name="GL_MAX_COLOR_ATTACHMENTS" />
			<enum value="0x8869" name="GL_MAX_VERTEX_ATTRIBS" />
			<enum value="0x0D33" name="GL_MAX_TEXTURE_SIZE" />
			<enum value="0x8824" name="GL_MAX_DRAW_BUFFERS" />
			<enum value="0x8B4D" name="GL_MAX_COMBINED_TEXTURE_IMAGE_UNITS" />
			<enum value="0x8073" name="GL_MAX_3D_TEXTURE_SIZE" />
			<enum value="0x0D3A" name="GL_MAX_VIEWPORT_DIMS" length=2/>
			<enum value="0x8262" name="GL_MAX_COMPUTE_SHARED_MEMORY_SIZE" />
			<enum value="0x8263" name="GL_MAX_COMPUTE_UNIFORM_COMPONENTS" />
			<enum value="0x8264" name="GL_MAX_COMPUTE_ATOMIC_COUNTER_BUFFERS" />
			<enum value="0x8265" name="GL_MAX_COMPUTE_ATOMIC_COUNTERS" />
			<enum value="0x90EB" name="GL_MAX_COMPUTE_WORK_GROUP_INVOCATIONS" />
			<enum value="0x91BB" name="GL_MAX_COMPUTE_UNIFORM_BLOCKS" />
			<enum value="0x91BC" name="GL_MAX_COMPUTE_TEXTURE_IMAGE_UNITS" />
			<enum value="0x91BD" name="GL_MAX_COMPUTE_IMAGE_UNIFORMS" />
			<enum value="0x91BE" name="GL_MAX_COMPUTE_WORK_GROUP_COUNT" length="3"/>
			<enum value="0x91BF" name="GL_MAX_COMPUTE_WORK_GROUP_SIZE" length="3" />
			<enum value="0x88FF" name="GL_MAX_ARRAY_TEXTURE_LAYERS" />
			<enum value="0x851C" name="GL_MAX_CUBE_MAP_TEXTURE_SIZE" />
			<!--enum value="0x8455" name="GL_FOG_COORD_ARRAY_STRIDE" alias="GL_FOG_COORDINATE_ARRAY_STRIDE"/>
			<enum value="0x851C" name="GL_MAX_CUBE_MAP_TEXTURE_SIZE" />
			<enum value="0x846E" name="GL_ALIASED_LINE_WIDTH_RANGE" length="2"/-->
		</enums>
	</method>
	<!--method>
		<enums>
			<enum value="0x0B70" name="GL_DEPTH_RANGE" length="2"/>
		</enums>
		<function name="glGetFloatv" />
		</function>
	</method-->
	<method function="Integeri_v">
		<enums>
			<enum value="0x91BE" name="GL_MAX_COMPUTE_WORK_GROUP_COUNT" length="3"/>
			<enum value="0x91BF" name="GL_MAX_COMPUTE_WORK_GROUP_SIZE" length="3" />
		</enums>
	</method>
	
</methods>